# _tick,_time,frames,mean_episode_return_landlord,loss_landlord,mean_episode_return_landlord_up,loss_landlord_up,mean_episode_return_landlord_down,loss_landlord_down,mean_episode_return_bidding,loss_bidding
0,1708663182.303471,0,-0.13948756456375122,0.032380495220422745,0,0,0,0,0,0
1,1708663182.304623,1600,-0.13948756456375122,0.032380495220422745,0,0,0.1396244913339615,0.04946620762348175,0,0
2,1708663182.3313475,3200,-0.13948756456375122,0.032380495220422745,0.13749337196350098,0.019811464473605156,0.1396244913339615,0.04946620762348175,0,0
# _tick,_time,frames,mean_episode_return_landlord,loss_landlord,mean_episode_return_landlord_up,loss_landlord_up,mean_episode_return_landlord_down,loss_landlord_down,mean_episode_return_bidding,loss_bidding
0,1708663449.7359614,0,0,0,0,0,0.09350597858428955,0.028035935014486313,0,0
1,1708663449.7370636,1600,-0.09427251666784286,0.020048217847943306,0,0,0.09350597858428955,0.028035935014486313,0,0
2,1708663449.758423,3200,-0.09427251666784286,0.020048217847943306,0.09395989030599594,0.026500804349780083,0.09350597858428955,0.028035935014486313,0,0
3,1708663459.1779397,4800,-0.0927996039390564,0.020574910566210747,0.09395989030599594,0.026500804349780083,0.09350597858428955,0.028035935014486313,0,0
4,1708663459.7106795,6400,-0.0927996039390564,0.020574910566210747,0.09395989030599594,0.026500804349780083,0.09309132397174835,0.02872379682958126,0,0
5,1708663460.1181486,8000,-0.0927996039390564,0.020574910566210747,0.09316089749336243,0.027042869478464127,0.09309132397174835,0.02872379682958126,0,0
6,1708663469.512736,9600,-0.10099681466817856,0.019584085792303085,0.09316089749336243,0.027042869478464127,0.09309132397174835,0.02872379682958126,0,0
7,1708663470.0804756,11200,-0.10099681466817856,0.019584085792303085,0.09316089749336243,0.027042869478464127,0.10039418190717697,0.03010738268494606,0,0
8,1708663470.8041627,12800,-0.10099681466817856,0.019584085792303085,0.10183333605527878,0.028023509308695793,0.10039418190717697,0.03010738268494606,0,0
9,1708663478.1262405,14400,-0.10099681466817856,0.019584085792303085,0.10183333605527878,0.028023509308695793,0.10039418190717697,0.03010738268494606,-0.26521018147468567,0.4202186167240143
10,1708663479.7901351,16000,-0.10337359458208084,0.02145860157907009,0.10183333605527878,0.028023509308695793,0.10039418190717697,0.03010738268494606,-0.26521018147468567,0.4202186167240143
11,1708663480.539663,17600,-0.10337359458208084,0.02145860157907009,0.10183333605527878,0.028023509308695793,0.10374902933835983,0.031137138605117798,-0.26521018147468567,0.4202186167240143
12,1708663481.24613,19200,-0.10337359458208084,0.02145860157907009,0.10351532697677612,0.02904560975730419,0.10374902933835983,0.031137138605117798,-0.26521018147468567,0.4202186167240143
13,1708663490.0176451,20800,-0.10166213661432266,0.020075755193829536,0.10351532697677612,0.02904560975730419,0.10374902933835983,0.031137138605117798,-0.26521018147468567,0.4202186167240143
14,1708663490.8418038,22400,-0.10166213661432266,0.020075755193829536,0.10351532697677612,0.02904560975730419,0.10150227695703506,0.027323679998517036,-0.26521018147468567,0.4202186167240143
15,1708663491.7056239,24000,-0.10166213661432266,0.020075755193829536,0.1015009805560112,0.02571296878159046,0.10150227695703506,0.027323679998517036,-0.26521018147468567,0.4202186167240143
16,1708663500.3607824,25600,-0.10285469144582748,0.020058440044522285,0.1015009805560112,0.02571296878159046,0.10150227695703506,0.027323679998517036,-0.26521018147468567,0.4202186167240143
17,1708663501.66166,27200,-0.10285469144582748,0.020058440044522285,0.1015009805560112,0.02571296878159046,0.10219812393188477,0.029544247314333916,-0.26521018147468567,0.4202186167240143
18,1708663502.4259493,28800,-0.10285469144582748,0.020058440044522285,0.10191433876752853,0.027360927313566208,0.10219812393188477,0.029544247314333916,-0.26521018147468567,0.4202186167240143
19,1708663510.63693,30400,-0.10203982889652252,0.019382042810320854,0.10191433876752853,0.027360927313566208,0.10219812393188477,0.029544247314333916,-0.26521018147468567,0.4202186167240143
20,1708663511.8940825,32000,-0.10203982889652252,0.019382042810320854,0.10191433876752853,0.027360927313566208,0.10127095133066177,0.027321895584464073,-0.26521018147468567,0.4202186167240143
21,1708663513.0236845,33600,-0.10203982889652252,0.019382042810320854,0.10208717733621597,0.02575337328016758,0.10127095133066177,0.027321895584464073,-0.26521018147468567,0.4202186167240143
22,1708663517.2864528,35200,-0.10203982889652252,0.019382042810320854,0.10208717733621597,0.02575337328016758,0.10127095133066177,0.027321895584464073,-0.23804819583892822,0.4359803795814514
23,1708663520.799121,36800,-0.09849373251199722,0.019225362688302994,0.10208717733621597,0.02575337328016758,0.10127095133066177,0.027321895584464073,-0.23804819583892822,0.4359803795814514
24,1708663522.341711,38400,-0.09849373251199722,0.019225362688302994,0.10208717733621597,0.02575337328016758,0.09815436601638794,0.024853285402059555,-0.23804819583892822,0.4359803795814514
25,1708663523.7160885,40000,-0.09849373251199722,0.019225362688302994,0.09803017228841782,0.023594284430146217,0.09815436601638794,0.024853285402059555,-0.23804819583892822,0.4359803795814514
26,1708663531.3493905,41600,-0.09682340174913406,0.01979265734553337,0.09803017228841782,0.023594284430146217,0.09815436601638794,0.024853285402059555,-0.23804819583892822,0.4359803795814514
27,1708663533.101787,43200,-0.09682340174913406,0.01979265734553337,0.09803017228841782,0.023594284430146217,0.0971212387084961,0.02606913447380066,-0.23804819583892822,0.4359803795814514
28,1708663534.5637314,44800,-0.09682340174913406,0.01979265734553337,0.09699168056249619,0.02531779743731022,0.0971212387084961,0.02606913447380066,-0.23804819583892822,0.4359803795814514
29,1708663541.8694966,46400,-0.09711005538702011,0.019512053579092026,0.09699168056249619,0.02531779743731022,0.0971212387084961,0.02606913447380066,-0.23804819583892822,0.4359803795814514
30,1708663543.7151103,48000,-0.09711005538702011,0.019512053579092026,0.09699168056249619,0.02531779743731022,0.09609830379486084,0.02686658315360546,-0.23804819583892822,0.4359803795814514
31,1708663545.415716,49600,-0.09711005538702011,0.019512053579092026,0.09629306942224503,0.025098077952861786,0.09609830379486084,0.02686658315360546,-0.23804819583892822,0.4359803795814514
32,1708663552.1985784,51200,-0.09577096998691559,0.02020295336842537,0.09629306942224503,0.025098077952861786,0.09609830379486084,0.02686658315360546,-0.23804819583892822,0.4359803795814514
33,1708663554.2520533,52800,-0.09577096998691559,0.02020295336842537,0.09629306942224503,0.025098077952861786,0.09557551890611649,0.026012713089585304,-0.23804819583892822,0.4359803795814514
34,1708663556.2780724,54400,-0.09577096998691559,0.02020295336842537,0.0958646684885025,0.02371925488114357,0.09557551890611649,0.026012713089585304,-0.23804819583892822,0.4359803795814514
35,1708663557.0648642,56000,-0.09577096998691559,0.02020295336842537,0.0958646684885025,0.02371925488114357,0.09557551890611649,0.026012713089585304,-0.22991761565208435,0.41372016072273254
36,1708663562.6583047,57600,-0.09635619819164276,0.017666716128587723,0.0958646684885025,0.02371925488114357,0.09557551890611649,0.026012713089585304,-0.22991761565208435,0.41372016072273254
37,1708663564.9242687,59200,-0.09635619819164276,0.017666716128587723,0.0958646684885025,0.02371925488114357,0.09643854945898056,0.026178274303674698,-0.22991761565208435,0.41372016072273254
38,1708663567.0250978,60800,-0.09635619819164276,0.017666716128587723,0.09699412435293198,0.025155307725071907,0.09643854945898056,0.026178274303674698,-0.22991761565208435,0.41372016072273254
39,1708663573.0042229,62400,-0.09618007391691208,0.018450910225510597,0.09699412435293198,0.025155307725071907,0.09643854945898056,0.026178274303674698,-0.22991761565208435,0.41372016072273254
40,1708663575.5891917,64000,-0.09618007391691208,0.018450910225510597,0.09699412435293198,0.025155307725071907,0.09680868685245514,0.025246769189834595,-0.22991761565208435,0.41372016072273254
41,1708663577.7542903,65600,-0.09618007391691208,0.018450910225510597,0.09665075689554214,0.023142371326684952,0.09680868685245514,0.025246769189834595,-0.22991761565208435,0.41372016072273254
42,1708663583.554107,67200,-0.0964607521891594,0.017321104183793068,0.09665075689554214,0.023142371326684952,0.09680868685245514,0.025246769189834595,-0.22991761565208435,0.41372016072273254
43,1708663586.2543497,68800,-0.0964607521891594,0.017321104183793068,0.09665075689554214,0.023142371326684952,0.09689982235431671,0.024524826556444168,-0.22991761565208435,0.41372016072273254
44,1708663588.575745,70400,-0.0964607521891594,0.017321104183793068,0.09695055335760117,0.022422349080443382,0.09689982235431671,0.024524826556444168,-0.22991761565208435,0.41372016072273254
45,1708663593.9441886,72000,-0.09744974225759506,0.01776835136115551,0.09695055335760117,0.022422349080443382,0.09689982235431671,0.024524826556444168,-0.22991761565208435,0.41372016072273254
46,1708663596.532567,73600,-0.09744974225759506,0.01776835136115551,0.09695055335760117,0.022422349080443382,0.09689982235431671,0.024524826556444168,-0.23794694244861603,0.45858702063560486
47,1708663596.8845248,75200,-0.09744974225759506,0.01776835136115551,0.09695055335760117,0.022422349080443382,0.09756921976804733,0.024910572916269302,-0.23794694244861603,0.45858702063560486
48,1708663599.3861625,76800,-0.09744974225759506,0.01776835136115551,0.09794928133487701,0.023767570033669472,0.09756921976804733,0.024910572916269302,-0.23794694244861603,0.45858702063560486
49,1708663604.4587445,78400,-0.09783442318439484,0.01639941707253456,0.09794928133487701,0.023767570033669472,0.09756921976804733,0.024910572916269302,-0.23794694244861603,0.45858702063560486
50,1708663607.7184317,80000,-0.09783442318439484,0.01639941707253456,0.09794928133487701,0.023767570033669472,0.09729348123073578,0.023707522079348564,-0.23794694244861603,0.45858702063560486
51,1708663610.3137856,81600,-0.09783442318439484,0.01639941707253456,0.09729994833469391,0.02163444086909294,0.09729348123073578,0.023707522079348564,-0.23794694244861603,0.45858702063560486
52,1708663614.911832,83200,-0.09703823924064636,0.01826999895274639,0.09729994833469391,0.02163444086909294,0.09729348123073578,0.023707522079348564,-0.23794694244861603,0.45858702063560486
53,1708663618.2887208,84800,-0.09703823924064636,0.01826999895274639,0.09729994833469391,0.02163444086909294,0.09696701169013977,0.02258376032114029,-0.23794694244861603,0.45858702063560486
54,1708663621.0965428,86400,-0.09703823924064636,0.01826999895274639,0.09689552336931229,0.021059956401586533,0.09696701169013977,0.02258376032114029,-0.23794694244861603,0.45858702063560486
55,1708663625.4399607,88000,-0.09621147066354752,0.018508080393075943,0.09689552336931229,0.021059956401586533,0.09696701169013977,0.02258376032114029,-0.23794694244861603,0.45858702063560486
56,1708663629.1070168,89600,-0.09621147066354752,0.018508080393075943,0.09689552336931229,0.021059956401586533,0.09657098352909088,0.022584466263651848,-0.23794694244861603,0.45858702063560486
57,1708663631.8564198,91200,-0.09621147066354752,0.018508080393075943,0.09670008718967438,0.021384915336966515,0.09657098352909088,0.022584466263651848,-0.23794694244861603,0.45858702063560486
58,1708663635.6474123,92800,-0.09621147066354752,0.018508080393075943,0.09670008718967438,0.021384915336966515,0.09657098352909088,0.022584466263651848,-0.22927676141262054,0.3878394365310669
59,1708663635.990645,94400,-0.09687896817922592,0.016412721946835518,0.09670008718967438,0.021384915336966515,0.09657098352909088,0.022584466263651848,-0.22927676141262054,0.3878394365310669
60,1708663639.7212873,96000,-0.09687896817922592,0.016412721946835518,0.09670008718967438,0.021384915336966515,0.09653808921575546,0.02286168932914734,-0.22927676141262054,0.3878394365310669
61,1708663642.6792035,97600,-0.09687896817922592,0.016412721946835518,0.09699510037899017,0.020895518362522125,0.09653808921575546,0.02286168932914734,-0.22927676141262054,0.3878394365310669
62,1708663646.4291947,99200,-0.09732142090797424,0.016216231510043144,0.09699510037899017,0.020895518362522125,0.09653808921575546,0.02286168932914734,-0.22927676141262054,0.3878394365310669
63,1708663650.3485637,100800,-0.09732142090797424,0.016216231510043144,0.09699510037899017,0.020895518362522125,0.09701867401599884,0.02098938822746277,-0.22927676141262054,0.3878394365310669
64,1708663653.5159392,102400,-0.09732142090797424,0.016216231510043144,0.0966203361749649,0.019995277747511864,0.09701867401599884,0.02098938822746277,-0.22927676141262054,0.3878394365310669
65,1708663657.0787563,104000,-0.09614547342061996,0.01931568793952465,0.0966203361749649,0.019995277747511864,0.09701867401599884,0.02098938822746277,-0.22927676141262054,0.3878394365310669
66,1708663661.1195946,105600,-0.09614547342061996,0.01931568793952465,0.0966203361749649,0.019995277747511864,0.09649113565683365,0.020330674946308136,-0.22927676141262054,0.3878394365310669
67,1708663664.5058403,107200,-0.09614547342061996,0.01931568793952465,0.09628523141145706,0.019644301384687424,0.09649113565683365,0.020330674946308136,-0.22927676141262054,0.3878394365310669
68,1708663667.5506518,108800,-0.0963275358080864,0.016618577763438225,0.09628523141145706,0.019644301384687424,0.09649113565683365,0.020330674946308136,-0.22927676141262054,0.3878394365310669
69,1708663671.9621944,110400,-0.0963275358080864,0.016618577763438225,0.09628523141145706,0.019644301384687424,0.09617065638303757,0.021188514307141304,-0.22927676141262054,0.3878394365310669
70,1708663674.628833,112000,-0.0963275358080864,0.016618577763438225,0.09628523141145706,0.019644301384687424,0.09617065638303757,0.021188514307141304,-0.22825977206230164,0.39155149459838867
71,1708663675.6058817,113600,-0.0963275358080864,0.016618577763438225,0.0960972011089325,0.020199593156576157,0.09617065638303757,0.021188514307141304,-0.22825977206230164,0.39155149459838867
72,1708663678.1763227,115200,-0.09612444043159485,0.017487408593297005,0.0960972011089325,0.020199593156576157,0.09617065638303757,0.021188514307141304,-0.22825977206230164,0.39155149459838867
73,1708663682.7478411,116800,-0.09612444043159485,0.017487408593297005,0.0960972011089325,0.020199593156576157,0.0958249494433403,0.021455930545926094,-0.22825977206230164,0.39155149459838867
74,1708663686.344831,118400,-0.09612444043159485,0.017487408593297005,0.09563811123371124,0.02006787806749344,0.0958249494433403,0.021455930545926094,-0.22825977206230164,0.39155149459838867
75,1708663688.7181375,120000,-0.09576144069433212,0.017029711976647377,0.09563811123371124,0.02006787806749344,0.0958249494433403,0.021455930545926094,-0.22825977206230164,0.39155149459838867
76,1708663693.3871267,121600,-0.09576144069433212,0.017029711976647377,0.09563811123371124,0.02006787806749344,0.09529971331357956,0.019260695204138756,-0.22825977206230164,0.39155149459838867
77,1708663697.235357,123200,-0.09576144069433212,0.017029711976647377,0.09579211473464966,0.01860169693827629,0.09529971331357956,0.019260695204138756,-0.22825977206230164,0.39155149459838867
78,1708663699.3324492,124800,-0.09592130780220032,0.01653294451534748,0.09579211473464966,0.01860169693827629,0.09529971331357956,0.019260695204138756,-0.22825977206230164,0.39155149459838867
79,1708663704.2133358,126400,-0.09592130780220032,0.01653294451534748,0.09579211473464966,0.01860169693827629,0.09554367512464523,0.01849387027323246,-0.22825977206230164,0.39155149459838867
80,1708663708.04624,128000,-0.09592130780220032,0.01653294451534748,0.09558916091918945,0.017593877390027046,0.09554367512464523,0.01849387027323246,-0.22825977206230164,0.39155149459838867
81,1708663709.9468966,129600,-0.09558078646659851,0.016730159521102905,0.09558916091918945,0.017593877390027046,0.09554367512464523,0.01849387027323246,-0.22825977206230164,0.39155149459838867
82,1708663714.9290953,131200,-0.09558078646659851,0.016730159521102905,0.09558916091918945,0.017593877390027046,0.09567829966545105,0.018431153148412704,-0.22825977206230164,0.39155149459838867
83,1708663715.5091033,132800,-0.09558078646659851,0.016730159521102905,0.09558916091918945,0.017593877390027046,0.09567829966545105,0.018431153148412704,-0.2380181849002838,0.43817785382270813
84,1708663718.8512793,134400,-0.09558078646659851,0.016730159521102905,0.09527069330215454,0.018615104258060455,0.09567829966545105,0.018431153148412704,-0.2380181849002838,0.43817785382270813
85,1708663720.3837688,136000,-0.0953935980796814,0.016943087801337242,0.09527069330215454,0.018615104258060455,0.09567829966545105,0.018431153148412704,-0.2380181849002838,0.43817785382270813
86,1708663725.4076412,137600,-0.0953935980796814,0.016943087801337242,0.09527069330215454,0.018615104258060455,0.09539580345153809,0.01819118671119213,-0.2380181849002838,0.43817785382270813
87,1708663729.5309882,139200,-0.0953935980796814,0.016943087801337242,0.09581468999385834,0.01619781367480755,0.09539580345153809,0.01819118671119213,-0.2380181849002838,0.43817785382270813
88,1708663730.634865,140800,-0.09596458822488785,0.013341311365365982,0.09581468999385834,0.01619781367480755,0.09539580345153809,0.01819118671119213,-0.2380181849002838,0.43817785382270813
89,1708663735.9996285,142400,-0.09596458822488785,0.013341311365365982,0.09581468999385834,0.01619781367480755,0.09627696871757507,0.016361234709620476,-0.2380181849002838,0.43817785382270813
90,1708663740.3292327,144000,-0.09596458822488785,0.013341311365365982,0.09614434838294983,0.017005037516355515,0.09627696871757507,0.016361234709620476,-0.2380181849002838,0.43817785382270813
91,1708663741.2265377,145600,-0.0960860326886177,0.015763429924845695,0.09614434838294983,0.017005037516355515,0.09627696871757507,0.016361234709620476,-0.2380181849002838,0.43817785382270813
92,1708663746.5921273,147200,-0.0960860326886177,0.015763429924845695,0.09614434838294983,0.017005037516355515,0.09652171283960342,0.018130481243133545,-0.2380181849002838,0.43817785382270813
93,1708663751.3531969,148800,-0.0960860326886177,0.015763429924845695,0.09639233350753784,0.01675848849117756,0.09652171283960342,0.018130481243133545,-0.2380181849002838,0.43817785382270813
94,1708663751.7170053,150400,-0.0963539332151413,0.014641940593719482,0.09639233350753784,0.01675848849117756,0.09652171283960342,0.018130481243133545,-0.2380181849002838,0.43817785382270813
95,1708663755.9565542,152000,-0.0963539332151413,0.014641940593719482,0.09639233350753784,0.01675848849117756,0.09652171283960342,0.018130481243133545,-0.2363431453704834,0.3795711100101471
96,1708663757.4709532,153600,-0.0963539332151413,0.014641940593719482,0.09639233350753784,0.01675848849117756,0.096690334379673,0.016273006796836853,-0.2363431453704834,0.3795711100101471
97,1708663762.1940277,155200,-0.09632972627878189,0.016605360433459282,0.09639233350753784,0.01675848849117756,0.096690334379673,0.016273006796836853,-0.2363431453704834,0.3795711100101471
98,1708663762.1955113,156800,-0.09632972627878189,0.016605360433459282,0.09630093723535538,0.016893383115530014,0.096690334379673,0.016273006796836853,-0.2363431453704834,0.3795711100101471
99,1708663767.8998477,158400,-0.09632972627878189,0.016605360433459282,0.09630093723535538,0.016893383115530014,0.09666052460670471,0.01747710444033146,-0.2363431453704834,0.3795711100101471
100,1708663772.5615115,160000,-0.0965481847524643,0.014048399403691292,0.09630093723535538,0.016893383115530014,0.09666052460670471,0.01747710444033146,-0.2363431453704834,0.3795711100101471
101,1708663773.0270858,161600,-0.0965481847524643,0.014048399403691292,0.09652003645896912,0.015444948337972164,0.09666052460670471,0.01747710444033146,-0.2363431453704834,0.3795711100101471
102,1708663778.6378062,163200,-0.0965481847524643,0.014048399403691292,0.09652003645896912,0.015444948337972164,0.0966276302933693,0.015526394359767437,-0.2363431453704834,0.3795711100101471
103,1708663783.1049933,164800,-0.09691367298364639,0.01329819206148386,0.09652003645896912,0.015444948337972164,0.0966276302933693,0.015526394359767437,-0.2363431453704834,0.3795711100101471
104,1708663783.7402124,166400,-0.09691367298364639,0.01329819206148386,0.09687556326389313,0.014055980369448662,0.0966276302933693,0.015526394359767437,-0.2363431453704834,0.3795711100101471
105,1708663789.4655695,168000,-0.09691367298364639,0.01329819206148386,0.09687556326389313,0.014055980369448662,0.09676984697580338,0.016109474003314972,-0.2363431453704834,0.3795711100101471
106,1708663793.5573614,169600,-0.09654290229082108,0.016972169280052185,0.09687556326389313,0.014055980369448662,0.09676984697580338,0.016109474003314972,-0.2363431453704834,0.3795711100101471
107,1708663794.618433,171200,-0.09654290229082108,0.016972169280052185,0.096609927713871,0.016901887953281403,0.09676984697580338,0.016109474003314972,-0.2363431453704834,0.3795711100101471
108,1708663797.1925724,172800,-0.09654290229082108,0.016972169280052185,0.096609927713871,0.016901887953281403,0.09676984697580338,0.016109474003314972,-0.23912040889263153,0.4284377992153168
109,1708663800.142109,174400,-0.09654290229082108,0.016972169280052185,0.096609927713871,0.016901887953281403,0.09653367102146149,0.01575525663793087,-0.23912040889263153,0.4284377992153168
110,1708663803.9790099,176000,-0.09620843082666397,0.015998534858226776,0.096609927713871,0.016901887953281403,0.09653367102146149,0.01575525663793087,-0.23912040889263153,0.4284377992153168
111,1708663805.4759839,177600,-0.09620843082666397,0.015998534858226776,0.09614938497543335,0.017023060470819473,0.09653367102146149,0.01575525663793087,-0.23912040889263153,0.4284377992153168
112,1708663810.7560506,179200,-0.09620843082666397,0.015998534858226776,0.09614938497543335,0.017023060470819473,0.09570124745368958,0.020009001716971397,-0.23912040889263153,0.4284377992153168
113,1708663814.6336584,180800,-0.09599801898002625,0.01512241642922163,0.09614938497543335,0.017023060470819473,0.09570124745368958,0.020009001716971397,-0.23912040889263153,0.4284377992153168
114,1708663816.496963,182400,-0.09599801898002625,0.01512241642922163,0.09606225788593292,0.015869982540607452,0.09570124745368958,0.020009001716971397,-0.23912040889263153,0.4284377992153168
115,1708663821.8014207,184000,-0.09599801898002625,0.01512241642922163,0.09606225788593292,0.015869982540607452,0.0963108018040657,0.012319250032305717,-0.23912040889263153,0.4284377992153168
116,1708663825.4932137,185600,-0.09638674557209015,0.011554853990674019,0.09606225788593292,0.015869982540607452,0.0963108018040657,0.012319250032305717,-0.23912040889263153,0.4284377992153168
117,1708663827.763351,187200,-0.09638674557209015,0.011554853990674019,0.09633191674947739,0.01378392893821001,0.0963108018040657,0.012319250032305717,-0.23912040889263153,0.4284377992153168
118,1708663832.8960018,188800,-0.09638674557209015,0.011554853990674019,0.09633191674947739,0.01378392893821001,0.09637909382581711,0.015312107279896736,-0.23912040889263153,0.4284377992153168
119,1708663836.1419294,190400,-0.09634193032979965,0.016130417585372925,0.09633191674947739,0.01378392893821001,0.09637909382581711,0.015312107279896736,-0.23912040889263153,0.4284377992153168
120,1708663838.2531617,192000,-0.09634193032979965,0.016130417585372925,0.09633191674947739,0.01378392893821001,0.09637909382581711,0.015312107279896736,-0.24504797160625458,0.45730093121528625
121,1708663839.0367444,193600,-0.09634193032979965,0.016130417585372925,0.09643763303756714,0.014809774234890938,0.09637909382581711,0.015312107279896736,-0.24504797160625458,0.45730093121528625
122,1708663843.841988,195200,-0.09634193032979965,0.016130417585372925,0.09643763303756714,0.014809774234890938,0.09639614075422287,0.015440987423062325,-0.24504797160625458,0.45730093121528625
123,1708663846.986158,196800,-0.09636210650205612,0.013728954829275608,0.09643763303756714,0.014809774234890938,0.09639614075422287,0.015440987423062325,-0.24504797160625458,0.45730093121528625
124,1708663850.1446369,198400,-0.09636210650205612,0.013728954829275608,0.09649539738893509,0.015648283064365387,0.09639614075422287,0.015440987423062325,-0.24504797160625458,0.45730093121528625
125,1708663854.7652657,200000,-0.09636210650205612,0.013728954829275608,0.09649539738893509,0.015648283064365387,0.09625839442014694,0.016279039904475212,-0.24504797160625458,0.45730093121528625
126,1708663857.6431112,201600,-0.09640079736709595,0.014375900849699974,0.09649539738893509,0.015648283064365387,0.09625839442014694,0.016279039904475212,-0.24504797160625458,0.45730093121528625
127,1708663861.090354,203200,-0.09640079736709595,0.014375900849699974,0.09649302810430527,0.015041501261293888,0.09625839442014694,0.016279039904475212,-0.24504797160625458,0.45730093121528625
128,1708663865.6017795,204800,-0.09640079736709595,0.014375900849699974,0.09649302810430527,0.015041501261293888,0.09629479050636292,0.016724351793527603,-0.24504797160625458,0.45730093121528625
129,1708663868.3250828,206400,-0.09636240452528,0.01474529318511486,0.09649302810430527,0.015041501261293888,0.09629479050636292,0.016724351793527603,-0.24504797160625458,0.45730093121528625
130,1708663872.0231788,208000,-0.09636240452528,0.01474529318511486,0.09634127467870712,0.017181824892759323,0.09629479050636292,0.016724351793527603,-0.24504797160625458,0.45730093121528625
131,1708663876.5237029,209600,-0.09636240452528,0.01474529318511486,0.09634127467870712,0.017181824892759323,0.09654439240694046,0.014731396920979023,-0.24504797160625458,0.45730093121528625
132,1708663878.362244,211200,-0.09636240452528,0.01474529318511486,0.09634127467870712,0.017181824892759323,0.09654439240694046,0.014731396920979023,-0.2437460720539093,0.3875391185283661
133,1708663878.8110647,212800,-0.09665422141551971,0.012399359606206417,0.09634127467870712,0.017181824892759323,0.09654439240694046,0.014731396920979023,-0.2437460720539093,0.3875391185283661
134,1708663883.2207932,214400,-0.09665422141551971,0.012399359606206417,0.09667325764894485,0.012816603295505047,0.09654439240694046,0.014731396920979023,-0.2437460720539093,0.3875391185283661
135,1708663887.2236567,216000,-0.09665422141551971,0.012399359606206417,0.09667325764894485,0.012816603295505047,0.0969066396355629,0.013247039169073105,-0.2437460720539093,0.3875391185283661
136,1708663889.5861402,217600,-0.09687014669179916,0.013409926556050777,0.09667325764894485,0.012816603295505047,0.0969066396355629,0.013247039169073105,-0.2437460720539093,0.3875391185283661
137,1708663894.2262912,219200,-0.09687014669179916,0.013409926556050777,0.09676365554332733,0.015402707271277905,0.0969066396355629,0.013247039169073105,-0.2437460720539093,0.3875391185283661
138,1708663898.190159,220800,-0.09687014669179916,0.013409926556050777,0.09676365554332733,0.015402707271277905,0.09690563380718231,0.014927289448678493,-0.2437460720539093,0.3875391185283661
139,1708663900.2997832,222400,-0.09673144668340683,0.014010591432452202,0.09676365554332733,0.015402707271277905,0.09690563380718231,0.014927289448678493,-0.2437460720539093,0.3875391185283661
140,1708663905.3558652,224000,-0.09673144668340683,0.014010591432452202,0.09663808345794678,0.015219753608107567,0.09690563380718231,0.014927289448678493,-0.2437460720539093,0.3875391185283661
141,1708663909.1029289,225600,-0.09673144668340683,0.014010591432452202,0.09663808345794678,0.015219753608107567,0.0967644602060318,0.01744483970105648,-0.2437460720539093,0.3875391185283661
142,1708663910.9977133,227200,-0.09667596220970154,0.0142239760607481,0.09663808345794678,0.015219753608107567,0.0967644602060318,0.01744483970105648,-0.2437460720539093,0.3875391185283661
143,1708663916.2131863,228800,-0.09667596220970154,0.0142239760607481,0.0970863327383995,0.011628832668066025,0.0967644602060318,0.01744483970105648,-0.2437460720539093,0.3875391185283661
144,1708663919.067359,230400,-0.09667596220970154,0.0142239760607481,0.0970863327383995,0.011628832668066025,0.0967644602060318,0.01744483970105648,-0.2480759620666504,0.45370543003082275
145,1708663919.9687595,232000,-0.09667596220970154,0.0142239760607481,0.0970863327383995,0.011628832668066025,0.09713992476463318,0.012052306905388832,-0.2480759620666504,0.45370543003082275
146,1708663921.8646343,233600,-0.09710054844617844,0.011301693506538868,0.0970863327383995,0.011628832668066025,0.09713992476463318,0.012052306905388832,-0.2480759620666504,0.45370543003082275
147,1708663927.6011379,235200,-0.09710054844617844,0.011301693506538868,0.09730139374732971,0.012464217841625214,0.09713992476463318,0.012052306905388832,-0.2480759620666504,0.45370543003082275
148,1708663930.9884143,236800,-0.09710054844617844,0.011301693506538868,0.09730139374732971,0.012464217841625214,0.0972369983792305,0.013147091493010521,-0.2480759620666504,0.45370543003082275
149,1708663932.658817,238400,-0.09709449112415314,0.01156084705144167,0.09730139374732971,0.012464217841625214,0.0972369983792305,0.013147091493010521,-0.2480759620666504,0.45370543003082275
150,1708663938.424592,240000,-0.09709449112415314,0.01156084705144167,0.09705396741628647,0.01571602188050747,0.0972369983792305,0.013147091493010521,-0.2480759620666504,0.45370543003082275
151,1708663941.7883048,241600,-0.09709449112415314,0.01156084705144167,0.09705396741628647,0.01571602188050747,0.09719142317771912,0.016283592209219933,-0.2480759620666504,0.45370543003082275
152,1708663943.1580496,243200,-0.09702318906784058,0.014805284328758717,0.09705396741628647,0.01571602188050747,0.09719142317771912,0.016283592209219933,-0.2480759620666504,0.45370543003082275
153,1708663949.5152729,244800,-0.09702318906784058,0.014805284328758717,0.09688835591077805,0.01706288941204548,0.09719142317771912,0.016283592209219933,-0.2480759620666504,0.45370543003082275
154,1708663952.5098379,246400,-0.09702318906784058,0.014805284328758717,0.09688835591077805,0.01706288941204548,0.09694983810186386,0.01655929535627365,-0.2480759620666504,0.45370543003082275
155,1708663953.7156165,248000,-0.09684916585683823,0.013566448353230953,0.09688835591077805,0.01706288941204548,0.09694983810186386,0.01655929535627365,-0.2480759620666504,0.45370543003082275
156,1708663959.45824,249600,-0.09684916585683823,0.013566448353230953,0.09688835591077805,0.01706288941204548,0.09694983810186386,0.01655929535627365,-0.2474859356880188,0.40490615367889404
157,1708663960.4320445,251200,-0.09684916585683823,0.013566448353230953,0.09696843475103378,0.013658719137310982,0.09694983810186386,0.01655929535627365,-0.2474859356880188,0.40490615367889404
158,1708663963.2464678,252800,-0.09684916585683823,0.013566448353230953,0.09696843475103378,0.013658719137310982,0.09681900590658188,0.015253600664436817,-0.2474859356880188,0.40490615367889404
159,1708663964.099782,254400,-0.0967375636100769,0.013155023567378521,0.09696843475103378,0.013658719137310982,0.09681900590658188,0.015253600664436817,-0.2474859356880188,0.40490615367889404
160,1708663971.5097327,256000,-0.0967375636100769,0.013155023567378521,0.09610927104949951,0.020918484777212143,0.09681900590658188,0.015253600664436817,-0.2474859356880188,0.40490615367889404
161,1708663974.2104888,257600,-0.0967375636100769,0.013155023567378521,0.09610927104949951,0.020918484777212143,0.09628862887620926,0.019574856385588646,-0.2474859356880188,0.40490615367889404
162,1708663974.7727902,259200,-0.09633920341730118,0.014188201166689396,0.09610927104949951,0.020918484777212143,0.09628862887620926,0.019574856385588646,-0.2474859356880188,0.40490615367889404
163,1708663982.5537603,260800,-0.09633920341730118,0.014188201166689396,0.09583231061697006,0.015604893676936626,0.09628862887620926,0.019574856385588646,-0.2474859356880188,0.40490615367889404
164,1708663985.1383715,262400,-0.09633920341730118,0.014188201166689396,0.09583231061697006,0.015604893676936626,0.09572988748550415,0.0196699108928442,-0.2474859356880188,0.40490615367889404
165,1708663985.4639647,264000,-0.09562507271766663,0.016449203714728355,0.09583231061697006,0.015604893676936626,0.09572988748550415,0.0196699108928442,-0.2474859356880188,0.40490615367889404
166,1708663993.619487,265600,-0.09562507271766663,0.016449203714728355,0.09585261344909668,0.013407398946583271,0.09572988748550415,0.0196699108928442,-0.2474859356880188,0.40490615367889404
167,1708663996.190581,267200,-0.09562507271766663,0.016449203714728355,0.09585261344909668,0.013407398946583271,0.09589788317680359,0.012851016595959663,-0.2474859356880188,0.40490615367889404
168,1708663996.5975518,268800,-0.09582944214344025,0.012781772762537003,0.09585261344909668,0.013407398946583271,0.09589788317680359,0.012851016595959663,-0.2474859356880188,0.40490615367889404
169,1708664000.5482137,270400,-0.09582944214344025,0.012781772762537003,0.09585261344909668,0.013407398946583271,0.09589788317680359,0.012851016595959663,-0.24259690940380096,0.4023880958557129
170,1708664004.7694163,272000,-0.09582944214344025,0.012781772762537003,0.09597792476415634,0.01291776355355978,0.09589788317680359,0.012851016595959663,-0.24259690940380096,0.4023880958557129
171,1708664007.0914783,273600,-0.09582944214344025,0.012781772762537003,0.09597792476415634,0.01291776355355978,0.0960627868771553,0.011675030924379826,-0.24259690940380096,0.4023880958557129
172,1708664007.4031355,275200,-0.09596824645996094,0.010328207165002823,0.09597792476415634,0.01291776355355978,0.0960627868771553,0.011675030924379826,-0.24259690940380096,0.4023880958557129
173,1708664015.7332084,276800,-0.09596824645996094,0.010328207165002823,0.09635013341903687,0.011507810093462467,0.0960627868771553,0.011675030924379826,-0.24259690940380096,0.4023880958557129
174,1708664017.9909253,278400,-0.09596824645996094,0.010328207165002823,0.09635013341903687,0.011507810093462467,0.09617095440626144,0.014077034778892994,-0.24259690940380096,0.4023880958557129
175,1708664018.2762327,280000,-0.09616166353225708,0.012656282633543015,0.09635013341903687,0.011507810093462467,0.09617095440626144,0.014077034778892994,-0.24259690940380096,0.4023880958557129
176,1708664026.819469,281600,-0.09616166353225708,0.012656282633543015,0.09630540758371353,0.014481987804174423,0.09617095440626144,0.014077034778892994,-0.24259690940380096,0.4023880958557129
177,1708664028.8246815,283200,-0.09616166353225708,0.012656282633543015,0.09630540758371353,0.014481987804174423,0.09620463103055954,0.015199246816337109,-0.24259690940380096,0.4023880958557129
178,1708664029.1009178,284800,-0.09617885202169418,0.012982115149497986,0.09630540758371353,0.014481987804174423,0.09620463103055954,0.015199246816337109,-0.24259690940380096,0.4023880958557129
179,1708664037.9136386,286400,-0.09617885202169418,0.012982115149497986,0.09576546400785446,0.016098512336611748,0.09620463103055954,0.015199246816337109,-0.24259690940380096,0.4023880958557129
180,1708664039.8911521,288000,-0.09567220509052277,0.013162140734493732,0.09576546400785446,0.016098512336611748,0.09620463103055954,0.015199246816337109,-0.24259690940380096,0.4023880958557129
181,1708664040.1395895,289600,-0.09567220509052277,0.013162140734493732,0.09576546400785446,0.016098512336611748,0.09578678011894226,0.016085075214505196,-0.24259690940380096,0.4023880958557129
182,1708664041.8025346,291200,-0.09567220509052277,0.013162140734493732,0.09576546400785446,0.016098512336611748,0.09578678011894226,0.016085075214505196,-0.24053196609020233,0.42502954602241516
183,1708664049.2437074,292800,-0.09567220509052277,0.013162140734493732,0.09584880620241165,0.012808514758944511,0.09578678011894226,0.016085075214505196,-0.24053196609020233,0.42502954602241516
184,1708664050.7777383,294400,-0.09578758478164673,0.012893931940197945,0.09584880620241165,0.012808514758944511,0.09578678011894226,0.016085075214505196,-0.24053196609020233,0.42502954602241516
185,1708664051.2096019,296000,-0.09578758478164673,0.012893931940197945,0.09584880620241165,0.012808514758944511,0.09585832059383392,0.014105881564319134,-0.24053196609020233,0.42502954602241516
186,1708664060.2372944,297600,-0.09578758478164673,0.012893931940197945,0.09589837491512299,0.012618742883205414,0.09585832059383392,0.014105881564319134,-0.24053196609020233,0.42502954602241516
187,1708664061.3342173,299200,-0.09595195949077606,0.012315983884036541,0.09589837491512299,0.012618742883205414,0.09585832059383392,0.014105881564319134,-0.24053196609020233,0.42502954602241516
188,1708664062.138656,300800,-0.09595195949077606,0.012315983884036541,0.09589837491512299,0.012618742883205414,0.09602000564336777,0.01348687894642353,-0.24053196609020233,0.42502954602241516
189,1708664071.2417572,302400,-0.09595195949077606,0.012315983884036541,0.09606917202472687,0.011934264563024044,0.09602000564336777,0.01348687894642353,-0.24053196609020233,0.42502954602241516
190,1708664071.963837,304000,-0.09609381854534149,0.010384023189544678,0.09606917202472687,0.011934264563024044,0.09602000564336777,0.01348687894642353,-0.24053196609020233,0.42502954602241516
191,1708664072.6535046,305600,-0.09609381854534149,0.010384023189544678,0.09606917202472687,0.011934264563024044,0.0961424708366394,0.012558606453239918,-0.24053196609020233,0.42502954602241516
192,1708664082.2152004,307200,-0.09609381854534149,0.010384023189544678,0.0961737409234047,0.013082679361104965,0.0961424708366394,0.012558606453239918,-0.24053196609020233,0.42502954602241516
193,1708664082.4518209,308800,-0.09617874771356583,0.013362595811486244,0.0961737409234047,0.013082679361104965,0.0961424708366394,0.012558606453239918,-0.24053196609020233,0.42502954602241516
194,1708664083.0708666,310400,-0.09617874771356583,0.013362595811486244,0.0961737409234047,0.013082679361104965,0.0961424708366394,0.012558606453239918,-0.2462809681892395,0.44072648882865906
195,1708664083.459508,312000,-0.09617874771356583,0.013362595811486244,0.0961737409234047,0.013082679361104965,0.09613707661628723,0.014902142807841301,-0.2462809681892395,0.44072648882865906
196,1708664092.9139802,313600,-0.09611929953098297,0.011043395847082138,0.0961737409234047,0.013082679361104965,0.09613707661628723,0.014902142807841301,-0.2462809681892395,0.44072648882865906
197,1708664093.2478423,315200,-0.09611929953098297,0.011043395847082138,0.0961609035730362,0.013633725233376026,0.09613707661628723,0.014902142807841301,-0.2462809681892395,0.44072648882865906
198,1708664094.1703954,316800,-0.09611929953098297,0.011043395847082138,0.0961609035730362,0.013633725233376026,0.09621584415435791,0.013475020416080952,-0.2462809681892395,0.44072648882865906
# _tick,_time,frames,mean_episode_return_landlord,loss_landlord,mean_episode_return_landlord_up,loss_landlord_up,mean_episode_return_landlord_down,loss_landlord_down,mean_episode_return_bidding,loss_bidding
0,1708664342.4994314,292800,-0.09567220509052277,0.013162140734493732,0.09576546400785446,0.016098512336611748,0.10463748872280121,0.01997661404311657,-0.24053196609020233,0.42502954602241516
1,1708664342.5114443,294400,-0.10292713344097137,0.020086636766791344,0.09576546400785446,0.016098512336611748,0.10463748872280121,0.01997661404311657,-0.24053196609020233,0.42502954602241516
2,1708664342.5289488,296000,-0.10292713344097137,0.020086636766791344,0.10591670870780945,0.018674904480576515,0.10463748872280121,0.01997661404311657,-0.24053196609020233,0.42502954602241516
# _tick,_time,frames,mean_episode_return_landlord,loss_landlord,mean_episode_return_landlord_up,loss_landlord_up,mean_episode_return_landlord_down,loss_landlord_down,mean_episode_return_bidding,loss_bidding
0,1708664389.8856494,292800,-0.09567220509052277,0.013162140734493732,0.09576546400785446,0.016098512336611748,0.08619187027215958,0.018533319234848022,-0.24053196609020233,0.42502954602241516
1,1708664389.8887734,294400,-0.09567220509052277,0.013162140734493732,0.08711259067058563,0.018245946615934372,0.08619187027215958,0.018533319234848022,-0.24053196609020233,0.42502954602241516
2,1708664389.903297,296000,-0.0874505266547203,0.01767619326710701,0.08711259067058563,0.018245946615934372,0.08619187027215958,0.018533319234848022,-0.24053196609020233,0.42502954602241516
3,1708664399.4660451,297600,-0.09355774521827698,0.017408013343811035,0.08711259067058563,0.018245946615934372,0.08619187027215958,0.018533319234848022,-0.24053196609020233,0.42502954602241516
4,1708664399.888471,299200,-0.09355774521827698,0.017408013343811035,0.08711259067058563,0.018245946615934372,0.09250956773757935,0.018088800832629204,-0.24053196609020233,0.42502954602241516
5,1708664400.133983,300800,-0.09355774521827698,0.017408013343811035,0.09041298180818558,0.018186861649155617,0.09250956773757935,0.018088800832629204,-0.24053196609020233,0.42502954602241516
# _tick,_time,frames,mean_episode_return_landlord,loss_landlord,mean_episode_return_landlord_up,loss_landlord_up,mean_episode_return_landlord_down,loss_landlord_down,mean_episode_return_bidding,loss_bidding
0,1708664702.2812831,292800,-0.09567220509052277,0.013162140734493732,0.12354765832424164,0.015788737684488297,0.09578678011894226,0.016085075214505196,-0.24053196609020233,0.42502954602241516
1,1708664702.294672,294400,-0.12227746099233627,0.01679803989827633,0.12354765832424164,0.015788737684488297,0.09578678011894226,0.016085075214505196,-0.24053196609020233,0.42502954602241516
2,1708664702.3009572,296000,-0.12227746099233627,0.01679803989827633,0.12354765832424164,0.015788737684488297,0.12329868972301483,0.015722649171948433,-0.24053196609020233,0.42502954602241516
